{
    "loss": 1.1866202354431152,
    "accuracy": 0.694464921951294
}