{
    "loss": 0.48367831110954285,
    "accuracy": 0.9107010960578918
}